date,flux_reel,flux_predit,niveau_alerte,action_recommandee
2024-05-26,200.0,224.94722,NORMAL,ðŸŸ¢ Staff standard. Pas d'action.
2024-05-27,332.0,300.29834,NORMAL,ðŸŸ¢ Staff standard. Pas d'action.
2024-05-28,280.0,268.25027,NORMAL,ðŸŸ¢ Staff standard. Pas d'action.
2024-05-29,266.0,267.33588,NORMAL,ðŸŸ¢ Staff standard. Pas d'action.
2024-05-30,279.0,268.05786,NORMAL,ðŸŸ¢ Staff standard. Pas d'action.
2024-05-31,273.0,266.6982,NORMAL,ðŸŸ¢ Staff standard. Pas d'action.
2024-06-01,257.0,266.55466,NORMAL,ðŸŸ¢ Staff standard. Pas d'action.
2024-06-02,214.0,226.74559,NORMAL,ðŸŸ¢ Staff standard. Pas d'action.
2024-06-03,297.0,306.04446,NORMAL,ðŸŸ¢ Staff standard. Pas d'action.
2024-06-04,280.0,268.2154,NORMAL,ðŸŸ¢ Staff standard. Pas d'action.
2024-06-05,261.0,264.17752,NORMAL,ðŸŸ¢ Staff standard. Pas d'action.
2024-06-06,267.0,268.70868,NORMAL,ðŸŸ¢ Staff standard. Pas d'action.
2024-06-07,268.0,268.0058,NORMAL,ðŸŸ¢ Staff standard. Pas d'action.
2024-06-08,244.0,265.90714,NORMAL,ðŸŸ¢ Staff standard. Pas d'action.
2024-06-09,240.0,223.64192,NORMAL,ðŸŸ¢ Staff standard. Pas d'action.
2024-06-10,301.0,303.60025,NORMAL,ðŸŸ¢ Staff standard. Pas d'action.
2024-06-11,277.0,267.2406,NORMAL,ðŸŸ¢ Staff standard. Pas d'action.
2024-06-12,267.0,269.6361,NORMAL,ðŸŸ¢ Staff standard. Pas d'action.
2024-06-13,266.0,267.06592,NORMAL,ðŸŸ¢ Staff standard. Pas d'action.
2024-06-14,265.0,268.35596,NORMAL,ðŸŸ¢ Staff standard. Pas d'action.
2024-06-15,290.0,267.836,NORMAL,ðŸŸ¢ Staff standard. Pas d'action.
2024-06-16,220.0,229.52336,NORMAL,ðŸŸ¢ Staff standard. Pas d'action.
2024-06-17,297.0,307.05014,NORMAL,ðŸŸ¢ Staff standard. Pas d'action.
2024-06-18,287.0,266.9716,NORMAL,ðŸŸ¢ Staff standard. Pas d'action.
2024-06-19,250.0,266.52817,NORMAL,ðŸŸ¢ Staff standard. Pas d'action.
2024-06-20,250.0,262.49652,NORMAL,ðŸŸ¢ Staff standard. Pas d'action.
2024-06-21,259.0,263.75403,NORMAL,ðŸŸ¢ Staff standard. Pas d'action.
2024-06-22,245.0,266.03113,NORMAL,ðŸŸ¢ Staff standard. Pas d'action.
2024-06-23,223.0,219.77142,NORMAL,ðŸŸ¢ Staff standard. Pas d'action.
2024-06-24,294.0,306.8819,NORMAL,ðŸŸ¢ Staff standard. Pas d'action.
2024-06-25,282.0,266.97827,NORMAL,ðŸŸ¢ Staff standard. Pas d'action.
2024-06-26,261.0,265.91324,NORMAL,ðŸŸ¢ Staff standard. Pas d'action.
2024-06-27,257.0,267.5961,NORMAL,ðŸŸ¢ Staff standard. Pas d'action.
2024-06-28,289.0,267.14963,NORMAL,ðŸŸ¢ Staff standard. Pas d'action.
2024-06-29,285.0,264.47937,NORMAL,ðŸŸ¢ Staff standard. Pas d'action.
2024-06-30,227.0,224.42113,NORMAL,ðŸŸ¢ Staff standard. Pas d'action.
2024-07-01,316.0,306.72714,NORMAL,ðŸŸ¢ Staff standard. Pas d'action.
2024-07-02,258.0,264.83173,NORMAL,ðŸŸ¢ Staff standard. Pas d'action.
2024-07-03,274.0,263.83987,NORMAL,ðŸŸ¢ Staff standard. Pas d'action.
2024-07-04,280.0,266.0348,NORMAL,ðŸŸ¢ Staff standard. Pas d'action.
2024-07-05,258.0,265.51236,NORMAL,ðŸŸ¢ Staff standard. Pas d'action.
2024-07-06,287.0,266.58838,NORMAL,ðŸŸ¢ Staff standard. Pas d'action.
2024-07-07,247.0,225.31862,NORMAL,ðŸŸ¢ Staff standard. Pas d'action.
2024-07-08,285.0,304.55432,NORMAL,ðŸŸ¢ Staff standard. Pas d'action.
2024-07-09,274.0,262.83743,NORMAL,ðŸŸ¢ Staff standard. Pas d'action.
2024-07-10,256.0,264.71503,NORMAL,ðŸŸ¢ Staff standard. Pas d'action.
2024-07-11,254.0,268.4544,NORMAL,ðŸŸ¢ Staff standard. Pas d'action.
2024-07-12,268.0,255.26808,NORMAL,ðŸŸ¢ Staff standard. Pas d'action.
2024-07-13,250.0,266.79214,NORMAL,ðŸŸ¢ Staff standard. Pas d'action.
2024-07-14,224.0,226.06516,NORMAL,ðŸŸ¢ Staff standard. Pas d'action.
2024-07-15,326.0,299.57083,NORMAL,ðŸŸ¢ Staff standard. Pas d'action.
2024-07-16,253.0,265.97192,NORMAL,ðŸŸ¢ Staff standard. Pas d'action.
2024-07-17,262.0,268.10382,NORMAL,ðŸŸ¢ Staff standard. Pas d'action.
2024-07-18,266.0,267.01782,NORMAL,ðŸŸ¢ Staff standard. Pas d'action.
2024-07-19,297.0,268.69482,NORMAL,ðŸŸ¢ Staff standard. Pas d'action.
2024-07-20,262.0,266.53546,NORMAL,ðŸŸ¢ Staff standard. Pas d'action.
2024-07-21,237.0,226.59567,NORMAL,ðŸŸ¢ Staff standard. Pas d'action.
2024-07-22,319.0,304.86322,NORMAL,ðŸŸ¢ Staff standard. Pas d'action.
2024-07-23,252.0,266.377,NORMAL,ðŸŸ¢ Staff standard. Pas d'action.
2024-07-24,243.0,265.30972,NORMAL,ðŸŸ¢ Staff standard. Pas d'action.
2024-07-25,268.0,265.36258,NORMAL,ðŸŸ¢ Staff standard. Pas d'action.
2024-07-26,261.0,266.17206,NORMAL,ðŸŸ¢ Staff standard. Pas d'action.
2024-07-27,289.0,268.74796,NORMAL,ðŸŸ¢ Staff standard. Pas d'action.
2024-07-28,196.0,219.6326,NORMAL,ðŸŸ¢ Staff standard. Pas d'action.
2024-07-29,321.0,298.90372,NORMAL,ðŸŸ¢ Staff standard. Pas d'action.
2024-07-30,264.0,264.5591,NORMAL,ðŸŸ¢ Staff standard. Pas d'action.
2024-07-31,263.0,268.10382,NORMAL,ðŸŸ¢ Staff standard. Pas d'action.
2024-08-01,253.0,259.92825,NORMAL,ðŸŸ¢ Staff standard. Pas d'action.
2024-08-02,253.0,265.46362,NORMAL,ðŸŸ¢ Staff standard. Pas d'action.
2024-08-03,285.0,268.26468,NORMAL,ðŸŸ¢ Staff standard. Pas d'action.
2024-08-04,237.0,225.48611,NORMAL,ðŸŸ¢ Staff standard. Pas d'action.
2024-08-05,288.0,308.1343,NORMAL,ðŸŸ¢ Staff standard. Pas d'action.
2024-08-06,290.0,263.73257,NORMAL,ðŸŸ¢ Staff standard. Pas d'action.
2024-08-07,283.0,268.26697,NORMAL,ðŸŸ¢ Staff standard. Pas d'action.
2024-08-08,268.0,266.4173,NORMAL,ðŸŸ¢ Staff standard. Pas d'action.
2024-08-09,281.0,271.46378,NORMAL,ðŸŸ¢ Staff standard. Pas d'action.
2024-08-10,265.0,274.2996,NORMAL,ðŸŸ¢ Staff standard. Pas d'action.
2024-08-11,238.0,224.14798,NORMAL,ðŸŸ¢ Staff standard. Pas d'action.
2024-08-12,350.0,302.91342,NORMAL,ðŸŸ¢ Staff standard. Pas d'action.
2024-08-13,244.0,270.7764,NORMAL,ðŸŸ¢ Staff standard. Pas d'action.
2024-08-14,255.0,265.82327,NORMAL,ðŸŸ¢ Staff standard. Pas d'action.
2024-08-15,237.0,265.58817,NORMAL,ðŸŸ¢ Staff standard. Pas d'action.
2024-08-16,265.0,271.01685,NORMAL,ðŸŸ¢ Staff standard. Pas d'action.
2024-08-17,267.0,269.55667,NORMAL,ðŸŸ¢ Staff standard. Pas d'action.
2024-08-18,237.0,231.22104,NORMAL,ðŸŸ¢ Staff standard. Pas d'action.
2024-08-19,340.0,306.62537,NORMAL,ðŸŸ¢ Staff standard. Pas d'action.
2024-08-20,280.0,268.45322,NORMAL,ðŸŸ¢ Staff standard. Pas d'action.
2024-08-21,271.0,267.2502,NORMAL,ðŸŸ¢ Staff standard. Pas d'action.
2024-08-22,257.0,267.67563,NORMAL,ðŸŸ¢ Staff standard. Pas d'action.
2024-08-23,271.0,269.57574,NORMAL,ðŸŸ¢ Staff standard. Pas d'action.
2024-08-24,272.0,270.79065,NORMAL,ðŸŸ¢ Staff standard. Pas d'action.
2024-08-25,231.0,228.94614,NORMAL,ðŸŸ¢ Staff standard. Pas d'action.
2024-08-26,303.0,307.72638,NORMAL,ðŸŸ¢ Staff standard. Pas d'action.
2024-08-27,289.0,268.7727,NORMAL,ðŸŸ¢ Staff standard. Pas d'action.
2024-08-28,270.0,267.52505,NORMAL,ðŸŸ¢ Staff standard. Pas d'action.
2024-08-29,273.0,266.92508,NORMAL,ðŸŸ¢ Staff standard. Pas d'action.
2024-08-30,301.0,272.2291,NORMAL,ðŸŸ¢ Staff standard. Pas d'action.
2024-08-31,302.0,267.4588,NORMAL,ðŸŸ¢ Staff standard. Pas d'action.
2024-09-01,229.0,221.63596,NORMAL,ðŸŸ¢ Staff standard. Pas d'action.
2024-09-02,305.0,305.98425,NORMAL,ðŸŸ¢ Staff standard. Pas d'action.
2024-09-03,285.0,268.04282,NORMAL,ðŸŸ¢ Staff standard. Pas d'action.
2024-09-04,271.0,267.41492,NORMAL,ðŸŸ¢ Staff standard. Pas d'action.
2024-09-05,282.0,269.1369,NORMAL,ðŸŸ¢ Staff standard. Pas d'action.
2024-09-06,264.0,269.61377,NORMAL,ðŸŸ¢ Staff standard. Pas d'action.
2024-09-07,301.0,268.94498,NORMAL,ðŸŸ¢ Staff standard. Pas d'action.
2024-09-08,193.0,223.78548,NORMAL,ðŸŸ¢ Staff standard. Pas d'action.
2024-09-09,309.0,299.88602,NORMAL,ðŸŸ¢ Staff standard. Pas d'action.
2024-09-10,250.0,265.6657,NORMAL,ðŸŸ¢ Staff standard. Pas d'action.
2024-09-11,302.0,264.36426,NORMAL,ðŸŸ¢ Staff standard. Pas d'action.
2024-09-12,277.0,264.97104,NORMAL,ðŸŸ¢ Staff standard. Pas d'action.
2024-09-13,275.0,267.74646,NORMAL,ðŸŸ¢ Staff standard. Pas d'action.
2024-09-14,259.0,266.63693,NORMAL,ðŸŸ¢ Staff standard. Pas d'action.
2024-09-15,222.0,228.25606,NORMAL,ðŸŸ¢ Staff standard. Pas d'action.
2024-09-16,314.0,305.73865,NORMAL,ðŸŸ¢ Staff standard. Pas d'action.
2024-09-17,280.0,269.36432,NORMAL,ðŸŸ¢ Staff standard. Pas d'action.
2024-09-18,242.0,269.4522,NORMAL,ðŸŸ¢ Staff standard. Pas d'action.
2024-09-19,236.0,271.12872,NORMAL,ðŸŸ¢ Staff standard. Pas d'action.
2024-09-20,257.0,265.21234,NORMAL,ðŸŸ¢ Staff standard. Pas d'action.
2024-09-21,285.0,266.53995,NORMAL,ðŸŸ¢ Staff standard. Pas d'action.
2024-09-22,227.0,227.34827,NORMAL,ðŸŸ¢ Staff standard. Pas d'action.
2024-09-23,349.0,306.97955,NORMAL,ðŸŸ¢ Staff standard. Pas d'action.
2024-09-24,281.0,269.39792,NORMAL,ðŸŸ¢ Staff standard. Pas d'action.
2024-09-25,239.0,265.95798,NORMAL,ðŸŸ¢ Staff standard. Pas d'action.
2024-09-26,271.0,267.987,NORMAL,ðŸŸ¢ Staff standard. Pas d'action.
2024-09-27,305.0,267.21375,NORMAL,ðŸŸ¢ Staff standard. Pas d'action.
2024-09-28,281.0,264.28085,NORMAL,ðŸŸ¢ Staff standard. Pas d'action.
2024-09-29,204.0,227.08113,NORMAL,ðŸŸ¢ Staff standard. Pas d'action.
2024-09-30,333.0,302.8673,NORMAL,ðŸŸ¢ Staff standard. Pas d'action.
2024-10-01,266.0,268.4363,NORMAL,ðŸŸ¢ Staff standard. Pas d'action.
2024-10-02,264.0,266.2327,NORMAL,ðŸŸ¢ Staff standard. Pas d'action.
2024-10-03,276.0,270.74304,NORMAL,ðŸŸ¢ Staff standard. Pas d'action.
2024-10-04,258.0,268.32437,NORMAL,ðŸŸ¢ Staff standard. Pas d'action.
2024-10-05,301.0,267.27332,NORMAL,ðŸŸ¢ Staff standard. Pas d'action.
2024-10-06,241.0,221.60571,NORMAL,ðŸŸ¢ Staff standard. Pas d'action.
2024-10-07,301.0,303.0474,NORMAL,ðŸŸ¢ Staff standard. Pas d'action.
2024-10-08,251.0,267.37546,NORMAL,ðŸŸ¢ Staff standard. Pas d'action.
2024-10-09,271.0,265.54767,NORMAL,ðŸŸ¢ Staff standard. Pas d'action.
2024-10-10,276.0,269.42,NORMAL,ðŸŸ¢ Staff standard. Pas d'action.
2024-10-11,312.0,267.62686,NORMAL,ðŸŸ¢ Staff standard. Pas d'action.
2024-10-12,250.0,265.40094,NORMAL,ðŸŸ¢ Staff standard. Pas d'action.
2024-10-13,251.0,222.67009,NORMAL,ðŸŸ¢ Staff standard. Pas d'action.
2024-10-14,308.0,302.8322,NORMAL,ðŸŸ¢ Staff standard. Pas d'action.
2024-10-15,264.0,272.3973,NORMAL,ðŸŸ¢ Staff standard. Pas d'action.
2024-10-16,253.0,265.00534,NORMAL,ðŸŸ¢ Staff standard. Pas d'action.
2024-10-17,254.0,256.4438,NORMAL,ðŸŸ¢ Staff standard. Pas d'action.
2024-10-18,260.0,269.09497,NORMAL,ðŸŸ¢ Staff standard. Pas d'action.
2024-10-19,267.0,267.4151,NORMAL,ðŸŸ¢ Staff standard. Pas d'action.
2024-10-20,239.0,226.75244,NORMAL,ðŸŸ¢ Staff standard. Pas d'action.
2024-10-21,313.0,304.54697,NORMAL,ðŸŸ¢ Staff standard. Pas d'action.
2024-10-22,272.0,263.6824,NORMAL,ðŸŸ¢ Staff standard. Pas d'action.
2024-10-23,258.0,267.27606,NORMAL,ðŸŸ¢ Staff standard. Pas d'action.
2024-10-24,275.0,259.80295,NORMAL,ðŸŸ¢ Staff standard. Pas d'action.
2024-10-25,271.0,267.6094,NORMAL,ðŸŸ¢ Staff standard. Pas d'action.
2024-10-26,242.0,268.8032,NORMAL,ðŸŸ¢ Staff standard. Pas d'action.
2024-10-27,246.0,223.86647,NORMAL,ðŸŸ¢ Staff standard. Pas d'action.
2024-10-28,320.0,304.2339,NORMAL,ðŸŸ¢ Staff standard. Pas d'action.
2024-10-29,295.0,268.3024,NORMAL,ðŸŸ¢ Staff standard. Pas d'action.
2024-10-30,254.0,268.22812,NORMAL,ðŸŸ¢ Staff standard. Pas d'action.
2024-10-31,262.0,269.32977,NORMAL,ðŸŸ¢ Staff standard. Pas d'action.
2024-11-01,277.0,266.03177,NORMAL,ðŸŸ¢ Staff standard. Pas d'action.
2024-11-02,280.0,267.43512,NORMAL,ðŸŸ¢ Staff standard. Pas d'action.
2024-11-03,237.0,225.85088,NORMAL,ðŸŸ¢ Staff standard. Pas d'action.
2024-11-04,286.0,304.41235,NORMAL,ðŸŸ¢ Staff standard. Pas d'action.
2024-11-05,274.0,268.26315,NORMAL,ðŸŸ¢ Staff standard. Pas d'action.
2024-11-06,262.0,266.02637,NORMAL,ðŸŸ¢ Staff standard. Pas d'action.
2024-11-07,262.0,265.8442,NORMAL,ðŸŸ¢ Staff standard. Pas d'action.
2024-11-08,275.0,267.81015,NORMAL,ðŸŸ¢ Staff standard. Pas d'action.
2024-11-09,257.0,267.933,NORMAL,ðŸŸ¢ Staff standard. Pas d'action.
2024-11-10,211.0,221.61046,NORMAL,ðŸŸ¢ Staff standard. Pas d'action.
2024-11-11,300.0,306.18146,NORMAL,ðŸŸ¢ Staff standard. Pas d'action.
2024-11-12,256.0,271.5526,NORMAL,ðŸŸ¢ Staff standard. Pas d'action.
2024-11-13,293.0,265.41373,NORMAL,ðŸŸ¢ Staff standard. Pas d'action.
2024-11-14,260.0,265.60464,NORMAL,ðŸŸ¢ Staff standard. Pas d'action.
2024-11-15,257.0,268.00317,NORMAL,ðŸŸ¢ Staff standard. Pas d'action.
2024-11-16,273.0,268.83618,NORMAL,ðŸŸ¢ Staff standard. Pas d'action.
2024-11-17,201.0,225.31215,NORMAL,ðŸŸ¢ Staff standard. Pas d'action.
2024-11-18,330.0,296.52917,NORMAL,ðŸŸ¢ Staff standard. Pas d'action.
2024-11-19,255.0,268.04282,NORMAL,ðŸŸ¢ Staff standard. Pas d'action.
2024-11-20,253.0,269.43835,NORMAL,ðŸŸ¢ Staff standard. Pas d'action.
2024-11-21,269.0,267.7236,NORMAL,ðŸŸ¢ Staff standard. Pas d'action.
2024-11-22,248.0,270.72687,NORMAL,ðŸŸ¢ Staff standard. Pas d'action.
2024-11-23,272.0,270.99307,NORMAL,ðŸŸ¢ Staff standard. Pas d'action.
2024-11-24,227.0,225.81905,NORMAL,ðŸŸ¢ Staff standard. Pas d'action.
2024-11-25,294.0,303.8775,NORMAL,ðŸŸ¢ Staff standard. Pas d'action.
2024-11-26,260.0,266.46152,NORMAL,ðŸŸ¢ Staff standard. Pas d'action.
2024-11-27,273.0,267.4236,NORMAL,ðŸŸ¢ Staff standard. Pas d'action.
2024-11-28,283.0,268.9314,NORMAL,ðŸŸ¢ Staff standard. Pas d'action.
2024-11-29,271.0,267.49084,NORMAL,ðŸŸ¢ Staff standard. Pas d'action.
2024-11-30,246.0,267.51624,NORMAL,ðŸŸ¢ Staff standard. Pas d'action.
2024-12-01,284.0,293.4802,NORMAL,ðŸŸ¢ Staff standard. Pas d'action.
2024-12-02,383.0,398.9405,CRITIQUE,âš« Activation Plan Blanc. Cellule de crise. Transferts inter-hÃ´pitaux.
2024-12-03,346.0,346.91452,PRE-ALERTE,ðŸŸ¡ Mettre l'astreinte en prÃ©-alerte. VÃ©rifier lits d'aval.
2024-12-04,373.0,354.0919,ALERTE,ðŸ”´ Rappel de personnel (IntÃ©rim). DÃ©programmer blocs non-urgents.
2024-12-05,323.0,347.33228,PRE-ALERTE,ðŸŸ¡ Mettre l'astreinte en prÃ©-alerte. VÃ©rifier lits d'aval.
2024-12-06,353.0,333.38116,PRE-ALERTE,ðŸŸ¡ Mettre l'astreinte en prÃ©-alerte. VÃ©rifier lits d'aval.
2024-12-07,324.0,345.52017,PRE-ALERTE,ðŸŸ¡ Mettre l'astreinte en prÃ©-alerte. VÃ©rifier lits d'aval.
2024-12-08,324.0,299.052,NORMAL,ðŸŸ¢ Staff standard. Pas d'action.
2024-12-09,422.0,392.65613,CRITIQUE,âš« Activation Plan Blanc. Cellule de crise. Transferts inter-hÃ´pitaux.
2024-12-10,344.0,337.56796,PRE-ALERTE,ðŸŸ¡ Mettre l'astreinte en prÃ©-alerte. VÃ©rifier lits d'aval.
2024-12-11,361.0,349.30365,PRE-ALERTE,ðŸŸ¡ Mettre l'astreinte en prÃ©-alerte. VÃ©rifier lits d'aval.
2024-12-12,373.0,346.27597,PRE-ALERTE,ðŸŸ¡ Mettre l'astreinte en prÃ©-alerte. VÃ©rifier lits d'aval.
2024-12-13,342.0,344.7609,PRE-ALERTE,ðŸŸ¡ Mettre l'astreinte en prÃ©-alerte. VÃ©rifier lits d'aval.
2024-12-14,404.0,341.18896,PRE-ALERTE,ðŸŸ¡ Mettre l'astreinte en prÃ©-alerte. VÃ©rifier lits d'aval.
2024-12-15,296.0,301.7748,NORMAL,ðŸŸ¢ Staff standard. Pas d'action.
2024-12-16,414.0,396.56876,CRITIQUE,âš« Activation Plan Blanc. Cellule de crise. Transferts inter-hÃ´pitaux.
2024-12-17,361.0,350.09473,PRE-ALERTE,ðŸŸ¡ Mettre l'astreinte en prÃ©-alerte. VÃ©rifier lits d'aval.
2024-12-18,318.0,346.75034,PRE-ALERTE,ðŸŸ¡ Mettre l'astreinte en prÃ©-alerte. VÃ©rifier lits d'aval.
2024-12-19,336.0,350.05035,PRE-ALERTE,ðŸŸ¡ Mettre l'astreinte en prÃ©-alerte. VÃ©rifier lits d'aval.
2024-12-20,339.0,343.727,PRE-ALERTE,ðŸŸ¡ Mettre l'astreinte en prÃ©-alerte. VÃ©rifier lits d'aval.
2024-12-21,321.0,347.98386,PRE-ALERTE,ðŸŸ¡ Mettre l'astreinte en prÃ©-alerte. VÃ©rifier lits d'aval.
2024-12-22,327.0,297.02908,NORMAL,ðŸŸ¢ Staff standard. Pas d'action.
2024-12-23,377.0,390.3668,CRITIQUE,âš« Activation Plan Blanc. Cellule de crise. Transferts inter-hÃ´pitaux.
2024-12-24,357.0,347.0987,PRE-ALERTE,ðŸŸ¡ Mettre l'astreinte en prÃ©-alerte. VÃ©rifier lits d'aval.
2024-12-25,360.0,350.42868,PRE-ALERTE,ðŸŸ¡ Mettre l'astreinte en prÃ©-alerte. VÃ©rifier lits d'aval.
2024-12-26,334.0,348.022,PRE-ALERTE,ðŸŸ¡ Mettre l'astreinte en prÃ©-alerte. VÃ©rifier lits d'aval.
2024-12-27,342.0,341.19092,PRE-ALERTE,ðŸŸ¡ Mettre l'astreinte en prÃ©-alerte. VÃ©rifier lits d'aval.
2024-12-28,359.0,349.5495,PRE-ALERTE,ðŸŸ¡ Mettre l'astreinte en prÃ©-alerte. VÃ©rifier lits d'aval.
2024-12-29,305.0,301.8764,NORMAL,ðŸŸ¢ Staff standard. Pas d'action.
2024-12-30,411.0,392.9525,CRITIQUE,âš« Activation Plan Blanc. Cellule de crise. Transferts inter-hÃ´pitaux.
2024-12-31,373.0,347.78018,PRE-ALERTE,ðŸŸ¡ Mettre l'astreinte en prÃ©-alerte. VÃ©rifier lits d'aval.
2025-01-01,334.0,344.24658,PRE-ALERTE,ðŸŸ¡ Mettre l'astreinte en prÃ©-alerte. VÃ©rifier lits d'aval.
2025-01-02,300.0,331.2733,PRE-ALERTE,ðŸŸ¡ Mettre l'astreinte en prÃ©-alerte. VÃ©rifier lits d'aval.
2025-01-03,351.0,344.26035,PRE-ALERTE,ðŸŸ¡ Mettre l'astreinte en prÃ©-alerte. VÃ©rifier lits d'aval.
2025-01-04,349.0,344.45892,PRE-ALERTE,ðŸŸ¡ Mettre l'astreinte en prÃ©-alerte. VÃ©rifier lits d'aval.
2025-01-05,279.0,297.2533,NORMAL,ðŸŸ¢ Staff standard. Pas d'action.
2025-01-06,410.0,393.32455,CRITIQUE,âš« Activation Plan Blanc. Cellule de crise. Transferts inter-hÃ´pitaux.
2025-01-07,350.0,350.86447,PRE-ALERTE,ðŸŸ¡ Mettre l'astreinte en prÃ©-alerte. VÃ©rifier lits d'aval.
2025-01-08,333.0,347.20377,PRE-ALERTE,ðŸŸ¡ Mettre l'astreinte en prÃ©-alerte. VÃ©rifier lits d'aval.
2025-01-09,366.0,342.62567,PRE-ALERTE,ðŸŸ¡ Mettre l'astreinte en prÃ©-alerte. VÃ©rifier lits d'aval.
2025-01-10,318.0,347.82596,PRE-ALERTE,ðŸŸ¡ Mettre l'astreinte en prÃ©-alerte. VÃ©rifier lits d'aval.
2025-01-11,345.0,341.02405,PRE-ALERTE,ðŸŸ¡ Mettre l'astreinte en prÃ©-alerte. VÃ©rifier lits d'aval.
2025-01-12,280.0,319.05423,PRE-ALERTE,ðŸŸ¡ Mettre l'astreinte en prÃ©-alerte. VÃ©rifier lits d'aval.
2025-01-13,425.0,394.84384,CRITIQUE,âš« Activation Plan Blanc. Cellule de crise. Transferts inter-hÃ´pitaux.
2025-01-14,346.0,340.6417,PRE-ALERTE,ðŸŸ¡ Mettre l'astreinte en prÃ©-alerte. VÃ©rifier lits d'aval.
2025-01-15,318.0,350.64227,PRE-ALERTE,ðŸŸ¡ Mettre l'astreinte en prÃ©-alerte. VÃ©rifier lits d'aval.
2025-01-16,324.0,344.7192,PRE-ALERTE,ðŸŸ¡ Mettre l'astreinte en prÃ©-alerte. VÃ©rifier lits d'aval.
2025-01-17,361.0,341.01224,PRE-ALERTE,ðŸŸ¡ Mettre l'astreinte en prÃ©-alerte. VÃ©rifier lits d'aval.
2025-01-18,371.0,347.9629,PRE-ALERTE,ðŸŸ¡ Mettre l'astreinte en prÃ©-alerte. VÃ©rifier lits d'aval.
2025-01-19,283.0,300.52127,NORMAL,ðŸŸ¢ Staff standard. Pas d'action.
2025-01-20,411.0,398.271,CRITIQUE,âš« Activation Plan Blanc. Cellule de crise. Transferts inter-hÃ´pitaux.
2025-01-21,346.0,338.8636,PRE-ALERTE,ðŸŸ¡ Mettre l'astreinte en prÃ©-alerte. VÃ©rifier lits d'aval.
2025-01-22,361.0,343.7642,PRE-ALERTE,ðŸŸ¡ Mettre l'astreinte en prÃ©-alerte. VÃ©rifier lits d'aval.
2025-01-23,318.0,344.46857,PRE-ALERTE,ðŸŸ¡ Mettre l'astreinte en prÃ©-alerte. VÃ©rifier lits d'aval.
2025-01-24,356.0,348.62744,PRE-ALERTE,ðŸŸ¡ Mettre l'astreinte en prÃ©-alerte. VÃ©rifier lits d'aval.
2025-01-25,314.0,344.32935,PRE-ALERTE,ðŸŸ¡ Mettre l'astreinte en prÃ©-alerte. VÃ©rifier lits d'aval.
2025-01-26,261.0,293.81558,NORMAL,ðŸŸ¢ Staff standard. Pas d'action.
2025-01-27,424.0,361.69238,ALERTE,ðŸ”´ Rappel de personnel (IntÃ©rim). DÃ©programmer blocs non-urgents.
2025-01-28,333.0,343.3564,PRE-ALERTE,ðŸŸ¡ Mettre l'astreinte en prÃ©-alerte. VÃ©rifier lits d'aval.
2025-01-29,397.0,349.28555,PRE-ALERTE,ðŸŸ¡ Mettre l'astreinte en prÃ©-alerte. VÃ©rifier lits d'aval.
2025-01-30,347.0,348.98303,PRE-ALERTE,ðŸŸ¡ Mettre l'astreinte en prÃ©-alerte. VÃ©rifier lits d'aval.
2025-01-31,338.0,348.31293,PRE-ALERTE,ðŸŸ¡ Mettre l'astreinte en prÃ©-alerte. VÃ©rifier lits d'aval.
2025-02-01,374.0,344.91974,PRE-ALERTE,ðŸŸ¡ Mettre l'astreinte en prÃ©-alerte. VÃ©rifier lits d'aval.
2025-02-02,277.0,297.243,NORMAL,ðŸŸ¢ Staff standard. Pas d'action.
2025-02-03,394.0,389.93362,CRITIQUE,âš« Activation Plan Blanc. Cellule de crise. Transferts inter-hÃ´pitaux.
2025-02-04,321.0,347.97806,PRE-ALERTE,ðŸŸ¡ Mettre l'astreinte en prÃ©-alerte. VÃ©rifier lits d'aval.
2025-02-05,387.0,346.92932,PRE-ALERTE,ðŸŸ¡ Mettre l'astreinte en prÃ©-alerte. VÃ©rifier lits d'aval.
2025-02-06,328.0,344.5824,PRE-ALERTE,ðŸŸ¡ Mettre l'astreinte en prÃ©-alerte. VÃ©rifier lits d'aval.
2025-02-07,307.0,335.3122,PRE-ALERTE,ðŸŸ¡ Mettre l'astreinte en prÃ©-alerte. VÃ©rifier lits d'aval.
2025-02-08,368.0,342.01413,PRE-ALERTE,ðŸŸ¡ Mettre l'astreinte en prÃ©-alerte. VÃ©rifier lits d'aval.
2025-02-09,276.0,294.77347,NORMAL,ðŸŸ¢ Staff standard. Pas d'action.
2025-02-10,406.0,408.57092,CRITIQUE,âš« Activation Plan Blanc. Cellule de crise. Transferts inter-hÃ´pitaux.
2025-02-11,349.0,351.46945,PRE-ALERTE,ðŸŸ¡ Mettre l'astreinte en prÃ©-alerte. VÃ©rifier lits d'aval.
2025-02-12,339.0,349.0955,PRE-ALERTE,ðŸŸ¡ Mettre l'astreinte en prÃ©-alerte. VÃ©rifier lits d'aval.
2025-02-13,343.0,347.10672,PRE-ALERTE,ðŸŸ¡ Mettre l'astreinte en prÃ©-alerte. VÃ©rifier lits d'aval.
2025-02-14,325.0,346.07593,PRE-ALERTE,ðŸŸ¡ Mettre l'astreinte en prÃ©-alerte. VÃ©rifier lits d'aval.
2025-02-15,327.0,344.80487,PRE-ALERTE,ðŸŸ¡ Mettre l'astreinte en prÃ©-alerte. VÃ©rifier lits d'aval.
2025-02-16,283.0,294.42776,NORMAL,ðŸŸ¢ Staff standard. Pas d'action.
2025-02-17,365.0,392.124,CRITIQUE,âš« Activation Plan Blanc. Cellule de crise. Transferts inter-hÃ´pitaux.
2025-02-18,355.0,348.813,PRE-ALERTE,ðŸŸ¡ Mettre l'astreinte en prÃ©-alerte. VÃ©rifier lits d'aval.
2025-02-19,361.0,347.62842,PRE-ALERTE,ðŸŸ¡ Mettre l'astreinte en prÃ©-alerte. VÃ©rifier lits d'aval.
2025-02-20,387.0,347.04007,PRE-ALERTE,ðŸŸ¡ Mettre l'astreinte en prÃ©-alerte. VÃ©rifier lits d'aval.
2025-02-21,399.0,342.44183,PRE-ALERTE,ðŸŸ¡ Mettre l'astreinte en prÃ©-alerte. VÃ©rifier lits d'aval.
2025-02-22,372.0,346.2181,PRE-ALERTE,ðŸŸ¡ Mettre l'astreinte en prÃ©-alerte. VÃ©rifier lits d'aval.
2025-02-23,289.0,296.42087,NORMAL,ðŸŸ¢ Staff standard. Pas d'action.
2025-02-24,420.0,397.32452,CRITIQUE,âš« Activation Plan Blanc. Cellule de crise. Transferts inter-hÃ´pitaux.
2025-02-25,333.0,342.9181,PRE-ALERTE,ðŸŸ¡ Mettre l'astreinte en prÃ©-alerte. VÃ©rifier lits d'aval.
2025-02-26,366.0,351.2863,PRE-ALERTE,ðŸŸ¡ Mettre l'astreinte en prÃ©-alerte. VÃ©rifier lits d'aval.
2025-02-27,371.0,342.0674,PRE-ALERTE,ðŸŸ¡ Mettre l'astreinte en prÃ©-alerte. VÃ©rifier lits d'aval.
2025-02-28,342.0,342.79544,PRE-ALERTE,ðŸŸ¡ Mettre l'astreinte en prÃ©-alerte. VÃ©rifier lits d'aval.
2025-03-01,289.0,266.9293,NORMAL,ðŸŸ¢ Staff standard. Pas d'action.
2025-03-02,232.0,222.64943,NORMAL,ðŸŸ¢ Staff standard. Pas d'action.
2025-03-03,308.0,310.09732,NORMAL,ðŸŸ¢ Staff standard. Pas d'action.
2025-03-04,255.0,265.44962,NORMAL,ðŸŸ¢ Staff standard. Pas d'action.
2025-03-05,267.0,266.00333,NORMAL,ðŸŸ¢ Staff standard. Pas d'action.
2025-03-06,281.0,266.2158,NORMAL,ðŸŸ¢ Staff standard. Pas d'action.
2025-03-07,259.0,266.10287,NORMAL,ðŸŸ¢ Staff standard. Pas d'action.
2025-03-08,241.0,267.4774,NORMAL,ðŸŸ¢ Staff standard. Pas d'action.
2025-03-09,221.0,230.4624,NORMAL,ðŸŸ¢ Staff standard. Pas d'action.
2025-03-10,292.0,305.48102,NORMAL,ðŸŸ¢ Staff standard. Pas d'action.
2025-03-11,264.0,262.1391,NORMAL,ðŸŸ¢ Staff standard. Pas d'action.
2025-03-12,281.0,268.82822,NORMAL,ðŸŸ¢ Staff standard. Pas d'action.
2025-03-13,250.0,265.9169,NORMAL,ðŸŸ¢ Staff standard. Pas d'action.
2025-03-14,258.0,268.09976,NORMAL,ðŸŸ¢ Staff standard. Pas d'action.
2025-03-15,254.0,269.8957,NORMAL,ðŸŸ¢ Staff standard. Pas d'action.
2025-03-16,240.0,225.38765,NORMAL,ðŸŸ¢ Staff standard. Pas d'action.
2025-03-17,278.0,305.9083,NORMAL,ðŸŸ¢ Staff standard. Pas d'action.
2025-03-18,252.0,264.5321,NORMAL,ðŸŸ¢ Staff standard. Pas d'action.
2025-03-19,246.0,266.92755,NORMAL,ðŸŸ¢ Staff standard. Pas d'action.
2025-03-20,279.0,264.853,NORMAL,ðŸŸ¢ Staff standard. Pas d'action.
2025-03-21,269.0,268.77127,NORMAL,ðŸŸ¢ Staff standard. Pas d'action.
2025-03-22,248.0,267.91513,NORMAL,ðŸŸ¢ Staff standard. Pas d'action.
2025-03-23,241.0,223.86363,NORMAL,ðŸŸ¢ Staff standard. Pas d'action.
2025-03-24,283.0,309.31335,NORMAL,ðŸŸ¢ Staff standard. Pas d'action.
2025-03-25,263.0,266.5069,NORMAL,ðŸŸ¢ Staff standard. Pas d'action.
2025-03-26,267.0,271.3106,NORMAL,ðŸŸ¢ Staff standard. Pas d'action.
2025-03-27,270.0,267.4576,NORMAL,ðŸŸ¢ Staff standard. Pas d'action.
2025-03-28,264.0,266.52582,NORMAL,ðŸŸ¢ Staff standard. Pas d'action.
2025-03-29,254.0,268.6253,NORMAL,ðŸŸ¢ Staff standard. Pas d'action.
2025-03-30,216.0,226.2168,NORMAL,ðŸŸ¢ Staff standard. Pas d'action.
2025-03-31,309.0,309.78204,NORMAL,ðŸŸ¢ Staff standard. Pas d'action.
2025-04-01,281.0,261.94272,NORMAL,ðŸŸ¢ Staff standard. Pas d'action.
2025-04-02,269.0,265.24887,NORMAL,ðŸŸ¢ Staff standard. Pas d'action.
2025-04-03,304.0,269.51593,NORMAL,ðŸŸ¢ Staff standard. Pas d'action.
2025-04-04,247.0,264.36664,NORMAL,ðŸŸ¢ Staff standard. Pas d'action.
2025-04-05,246.0,266.95792,NORMAL,ðŸŸ¢ Staff standard. Pas d'action.
2025-04-06,222.0,222.75967,NORMAL,ðŸŸ¢ Staff standard. Pas d'action.
2025-04-07,310.0,307.84433,NORMAL,ðŸŸ¢ Staff standard. Pas d'action.
2025-04-08,268.0,265.0883,NORMAL,ðŸŸ¢ Staff standard. Pas d'action.
2025-04-09,276.0,268.84543,NORMAL,ðŸŸ¢ Staff standard. Pas d'action.
2025-04-10,285.0,267.76617,NORMAL,ðŸŸ¢ Staff standard. Pas d'action.
2025-04-11,261.0,268.49976,NORMAL,ðŸŸ¢ Staff standard. Pas d'action.
2025-04-12,233.0,267.03946,NORMAL,ðŸŸ¢ Staff standard. Pas d'action.
2025-04-13,229.0,223.54927,NORMAL,ðŸŸ¢ Staff standard. Pas d'action.
2025-04-14,282.0,309.34293,NORMAL,ðŸŸ¢ Staff standard. Pas d'action.
2025-04-15,261.0,266.74188,NORMAL,ðŸŸ¢ Staff standard. Pas d'action.
2025-04-16,259.0,266.05936,NORMAL,ðŸŸ¢ Staff standard. Pas d'action.
2025-04-17,253.0,267.11197,NORMAL,ðŸŸ¢ Staff standard. Pas d'action.
2025-04-18,243.0,268.07758,NORMAL,ðŸŸ¢ Staff standard. Pas d'action.
2025-04-19,276.0,266.9704,NORMAL,ðŸŸ¢ Staff standard. Pas d'action.
2025-04-20,221.0,226.58127,NORMAL,ðŸŸ¢ Staff standard. Pas d'action.
2025-04-21,340.0,304.48822,NORMAL,ðŸŸ¢ Staff standard. Pas d'action.
2025-04-22,275.0,268.271,NORMAL,ðŸŸ¢ Staff standard. Pas d'action.
2025-04-23,253.0,266.6909,NORMAL,ðŸŸ¢ Staff standard. Pas d'action.
2025-04-24,288.0,259.35938,NORMAL,ðŸŸ¢ Staff standard. Pas d'action.
2025-04-25,255.0,266.53546,NORMAL,ðŸŸ¢ Staff standard. Pas d'action.
2025-04-26,271.0,265.4186,NORMAL,ðŸŸ¢ Staff standard. Pas d'action.
2025-04-27,240.0,224.66835,NORMAL,ðŸŸ¢ Staff standard. Pas d'action.
2025-04-28,324.0,306.51492,NORMAL,ðŸŸ¢ Staff standard. Pas d'action.
2025-04-29,273.0,270.7495,NORMAL,ðŸŸ¢ Staff standard. Pas d'action.
2025-04-30,268.0,272.4753,NORMAL,ðŸŸ¢ Staff standard. Pas d'action.
2025-05-01,280.0,265.36255,NORMAL,ðŸŸ¢ Staff standard. Pas d'action.
2025-05-02,303.0,264.91214,NORMAL,ðŸŸ¢ Staff standard. Pas d'action.
2025-05-03,278.0,265.8873,NORMAL,ðŸŸ¢ Staff standard. Pas d'action.
2025-05-04,241.0,233.97081,NORMAL,ðŸŸ¢ Staff standard. Pas d'action.
2025-05-05,323.0,306.2805,NORMAL,ðŸŸ¢ Staff standard. Pas d'action.
2025-05-06,258.0,268.6741,NORMAL,ðŸŸ¢ Staff standard. Pas d'action.
2025-05-07,249.0,269.3509,NORMAL,ðŸŸ¢ Staff standard. Pas d'action.
2025-05-08,253.0,263.09708,NORMAL,ðŸŸ¢ Staff standard. Pas d'action.
2025-05-09,272.0,274.632,NORMAL,ðŸŸ¢ Staff standard. Pas d'action.
2025-05-10,255.0,267.8781,NORMAL,ðŸŸ¢ Staff standard. Pas d'action.
2025-05-11,238.0,222.27277,NORMAL,ðŸŸ¢ Staff standard. Pas d'action.
2025-05-12,319.0,304.37708,NORMAL,ðŸŸ¢ Staff standard. Pas d'action.
2025-05-13,258.0,262.56793,NORMAL,ðŸŸ¢ Staff standard. Pas d'action.
2025-05-14,260.0,267.45233,NORMAL,ðŸŸ¢ Staff standard. Pas d'action.
2025-05-15,290.0,266.07675,NORMAL,ðŸŸ¢ Staff standard. Pas d'action.
2025-05-16,274.0,264.58664,NORMAL,ðŸŸ¢ Staff standard. Pas d'action.
2025-05-17,271.0,267.29776,NORMAL,ðŸŸ¢ Staff standard. Pas d'action.
2025-05-18,223.0,226.2269,NORMAL,ðŸŸ¢ Staff standard. Pas d'action.
2025-05-19,296.0,302.57242,NORMAL,ðŸŸ¢ Staff standard. Pas d'action.
2025-05-20,260.0,267.13358,NORMAL,ðŸŸ¢ Staff standard. Pas d'action.
2025-05-21,302.0,277.5939,NORMAL,ðŸŸ¢ Staff standard. Pas d'action.
2025-05-22,287.0,266.6651,NORMAL,ðŸŸ¢ Staff standard. Pas d'action.
2025-05-23,263.0,266.04715,NORMAL,ðŸŸ¢ Staff standard. Pas d'action.
2025-05-24,253.0,268.35596,NORMAL,ðŸŸ¢ Staff standard. Pas d'action.
2025-05-25,216.0,225.18387,NORMAL,ðŸŸ¢ Staff standard. Pas d'action.
2025-05-26,311.0,305.20316,NORMAL,ðŸŸ¢ Staff standard. Pas d'action.
2025-05-27,278.0,267.12372,NORMAL,ðŸŸ¢ Staff standard. Pas d'action.
2025-05-28,255.0,266.75842,NORMAL,ðŸŸ¢ Staff standard. Pas d'action.
2025-05-29,264.0,267.019,NORMAL,ðŸŸ¢ Staff standard. Pas d'action.
2025-05-30,266.0,266.94528,NORMAL,ðŸŸ¢ Staff standard. Pas d'action.
2025-05-31,262.0,266.64853,NORMAL,ðŸŸ¢ Staff standard. Pas d'action.
2025-06-01,226.0,219.86476,NORMAL,ðŸŸ¢ Staff standard. Pas d'action.
2025-06-02,324.0,304.07047,NORMAL,ðŸŸ¢ Staff standard. Pas d'action.
2025-06-03,262.0,266.4859,NORMAL,ðŸŸ¢ Staff standard. Pas d'action.
2025-06-04,281.0,268.44446,NORMAL,ðŸŸ¢ Staff standard. Pas d'action.
2025-06-05,255.0,264.96945,NORMAL,ðŸŸ¢ Staff standard. Pas d'action.
2025-06-06,221.0,270.34244,NORMAL,ðŸŸ¢ Staff standard. Pas d'action.
2025-06-07,268.0,267.7909,NORMAL,ðŸŸ¢ Staff standard. Pas d'action.
2025-06-08,201.0,229.10768,NORMAL,ðŸŸ¢ Staff standard. Pas d'action.
2025-06-09,310.0,306.3871,NORMAL,ðŸŸ¢ Staff standard. Pas d'action.
2025-06-10,240.0,267.66907,NORMAL,ðŸŸ¢ Staff standard. Pas d'action.
2025-06-11,277.0,268.1799,NORMAL,ðŸŸ¢ Staff standard. Pas d'action.
2025-06-12,274.0,267.5493,NORMAL,ðŸŸ¢ Staff standard. Pas d'action.
2025-06-13,271.0,267.95505,NORMAL,ðŸŸ¢ Staff standard. Pas d'action.
2025-06-14,242.0,265.7912,NORMAL,ðŸŸ¢ Staff standard. Pas d'action.
2025-06-15,225.0,225.3512,NORMAL,ðŸŸ¢ Staff standard. Pas d'action.
2025-06-16,328.0,306.24628,NORMAL,ðŸŸ¢ Staff standard. Pas d'action.
2025-06-17,297.0,268.8313,NORMAL,ðŸŸ¢ Staff standard. Pas d'action.
2025-06-18,262.0,266.25797,NORMAL,ðŸŸ¢ Staff standard. Pas d'action.
2025-06-19,253.0,269.301,NORMAL,ðŸŸ¢ Staff standard. Pas d'action.
2025-06-20,281.0,266.74698,NORMAL,ðŸŸ¢ Staff standard. Pas d'action.
2025-06-21,281.0,262.31625,NORMAL,ðŸŸ¢ Staff standard. Pas d'action.
2025-06-22,198.0,224.21983,NORMAL,ðŸŸ¢ Staff standard. Pas d'action.
2025-06-23,305.0,304.3956,NORMAL,ðŸŸ¢ Staff standard. Pas d'action.
2025-06-24,281.0,268.9677,NORMAL,ðŸŸ¢ Staff standard. Pas d'action.
2025-06-25,264.0,264.32983,NORMAL,ðŸŸ¢ Staff standard. Pas d'action.
2025-06-26,260.0,264.93472,NORMAL,ðŸŸ¢ Staff standard. Pas d'action.
2025-06-27,279.0,267.399,NORMAL,ðŸŸ¢ Staff standard. Pas d'action.
2025-06-28,259.0,267.75186,NORMAL,ðŸŸ¢ Staff standard. Pas d'action.
2025-06-29,238.0,224.749,NORMAL,ðŸŸ¢ Staff standard. Pas d'action.
2025-06-30,317.0,305.46063,NORMAL,ðŸŸ¢ Staff standard. Pas d'action.
2025-07-01,244.0,267.3086,NORMAL,ðŸŸ¢ Staff standard. Pas d'action.
2025-07-02,265.0,264.297,NORMAL,ðŸŸ¢ Staff standard. Pas d'action.
2025-07-03,268.0,269.41992,NORMAL,ðŸŸ¢ Staff standard. Pas d'action.
2025-07-04,265.0,267.11545,NORMAL,ðŸŸ¢ Staff standard. Pas d'action.
2025-07-05,291.0,268.05786,NORMAL,ðŸŸ¢ Staff standard. Pas d'action.
2025-07-06,218.0,220.21515,NORMAL,ðŸŸ¢ Staff standard. Pas d'action.
2025-07-07,311.0,306.7102,NORMAL,ðŸŸ¢ Staff standard. Pas d'action.
2025-07-08,283.0,265.9845,NORMAL,ðŸŸ¢ Staff standard. Pas d'action.
2025-07-09,256.0,264.7053,NORMAL,ðŸŸ¢ Staff standard. Pas d'action.
2025-07-10,269.0,270.59497,NORMAL,ðŸŸ¢ Staff standard. Pas d'action.
2025-07-11,250.0,265.24374,NORMAL,ðŸŸ¢ Staff standard. Pas d'action.
2025-07-12,241.0,268.06512,NORMAL,ðŸŸ¢ Staff standard. Pas d'action.
2025-07-13,214.0,228.10086,NORMAL,ðŸŸ¢ Staff standard. Pas d'action.
2025-07-14,311.0,304.1403,NORMAL,ðŸŸ¢ Staff standard. Pas d'action.
2025-07-15,280.0,266.57422,NORMAL,ðŸŸ¢ Staff standard. Pas d'action.
2025-07-16,266.0,265.21237,NORMAL,ðŸŸ¢ Staff standard. Pas d'action.
2025-07-17,276.0,265.84387,NORMAL,ðŸŸ¢ Staff standard. Pas d'action.
2025-07-18,250.0,267.2812,NORMAL,ðŸŸ¢ Staff standard. Pas d'action.
2025-07-19,273.0,264.85922,NORMAL,ðŸŸ¢ Staff standard. Pas d'action.
2025-07-20,226.0,225.87415,NORMAL,ðŸŸ¢ Staff standard. Pas d'action.
2025-07-21,287.0,303.26767,NORMAL,ðŸŸ¢ Staff standard. Pas d'action.
2025-07-22,282.0,262.94012,NORMAL,ðŸŸ¢ Staff standard. Pas d'action.
2025-07-23,257.0,268.97314,NORMAL,ðŸŸ¢ Staff standard. Pas d'action.
2025-07-24,256.0,265.6829,NORMAL,ðŸŸ¢ Staff standard. Pas d'action.
2025-07-25,253.0,264.04343,NORMAL,ðŸŸ¢ Staff standard. Pas d'action.
2025-07-26,256.0,259.45227,NORMAL,ðŸŸ¢ Staff standard. Pas d'action.
2025-07-27,219.0,221.31502,NORMAL,ðŸŸ¢ Staff standard. Pas d'action.
2025-07-28,324.0,303.43442,NORMAL,ðŸŸ¢ Staff standard. Pas d'action.
2025-07-29,305.0,266.0766,NORMAL,ðŸŸ¢ Staff standard. Pas d'action.
2025-07-30,224.0,266.3077,NORMAL,ðŸŸ¢ Staff standard. Pas d'action.
2025-07-31,264.0,268.59317,NORMAL,ðŸŸ¢ Staff standard. Pas d'action.
2025-08-01,280.0,266.6534,NORMAL,ðŸŸ¢ Staff standard. Pas d'action.
2025-08-02,245.0,266.00974,NORMAL,ðŸŸ¢ Staff standard. Pas d'action.
2025-08-03,223.0,225.85591,NORMAL,ðŸŸ¢ Staff standard. Pas d'action.
2025-08-04,323.0,307.18884,NORMAL,ðŸŸ¢ Staff standard. Pas d'action.
2025-08-05,248.0,261.61008,NORMAL,ðŸŸ¢ Staff standard. Pas d'action.
2025-08-06,265.0,267.3913,NORMAL,ðŸŸ¢ Staff standard. Pas d'action.
2025-08-07,280.0,264.05887,NORMAL,ðŸŸ¢ Staff standard. Pas d'action.
2025-08-08,247.0,264.2474,NORMAL,ðŸŸ¢ Staff standard. Pas d'action.
2025-08-09,267.0,267.17868,NORMAL,ðŸŸ¢ Staff standard. Pas d'action.
2025-08-10,238.0,216.6979,NORMAL,ðŸŸ¢ Staff standard. Pas d'action.
2025-08-11,325.0,307.11185,NORMAL,ðŸŸ¢ Staff standard. Pas d'action.
2025-08-12,274.0,267.41837,NORMAL,ðŸŸ¢ Staff standard. Pas d'action.
2025-08-13,254.0,268.1174,NORMAL,ðŸŸ¢ Staff standard. Pas d'action.
2025-08-14,273.0,265.6418,NORMAL,ðŸŸ¢ Staff standard. Pas d'action.
2025-08-15,255.0,268.07504,NORMAL,ðŸŸ¢ Staff standard. Pas d'action.
2025-08-16,265.0,263.06482,NORMAL,ðŸŸ¢ Staff standard. Pas d'action.
2025-08-17,191.0,227.55693,NORMAL,ðŸŸ¢ Staff standard. Pas d'action.
2025-08-18,314.0,302.44003,NORMAL,ðŸŸ¢ Staff standard. Pas d'action.
2025-08-19,236.0,267.79065,NORMAL,ðŸŸ¢ Staff standard. Pas d'action.
2025-08-20,266.0,275.59625,NORMAL,ðŸŸ¢ Staff standard. Pas d'action.
2025-08-21,275.0,267.6762,NORMAL,ðŸŸ¢ Staff standard. Pas d'action.
2025-08-22,269.0,267.33435,NORMAL,ðŸŸ¢ Staff standard. Pas d'action.
2025-08-23,291.0,267.70718,NORMAL,ðŸŸ¢ Staff standard. Pas d'action.
2025-08-24,208.0,219.76144,NORMAL,ðŸŸ¢ Staff standard. Pas d'action.
2025-08-25,328.0,307.51273,NORMAL,ðŸŸ¢ Staff standard. Pas d'action.
2025-08-26,246.0,256.02252,NORMAL,ðŸŸ¢ Staff standard. Pas d'action.
2025-08-27,257.0,268.41098,NORMAL,ðŸŸ¢ Staff standard. Pas d'action.
2025-08-28,279.0,269.57574,NORMAL,ðŸŸ¢ Staff standard. Pas d'action.
2025-08-29,245.0,268.02823,NORMAL,ðŸŸ¢ Staff standard. Pas d'action.
2025-08-30,260.0,274.10757,NORMAL,ðŸŸ¢ Staff standard. Pas d'action.
2025-08-31,256.0,220.83412,NORMAL,ðŸŸ¢ Staff standard. Pas d'action.
2025-09-01,331.0,309.41043,NORMAL,ðŸŸ¢ Staff standard. Pas d'action.
2025-09-02,277.0,269.23077,NORMAL,ðŸŸ¢ Staff standard. Pas d'action.
2025-09-03,264.0,270.95236,NORMAL,ðŸŸ¢ Staff standard. Pas d'action.
2025-09-04,247.0,267.57187,NORMAL,ðŸŸ¢ Staff standard. Pas d'action.
2025-09-05,228.0,264.30225,NORMAL,ðŸŸ¢ Staff standard. Pas d'action.
2025-09-06,258.0,273.47244,NORMAL,ðŸŸ¢ Staff standard. Pas d'action.
2025-09-07,215.0,227.18193,NORMAL,ðŸŸ¢ Staff standard. Pas d'action.
2025-09-08,329.0,305.3786,NORMAL,ðŸŸ¢ Staff standard. Pas d'action.
2025-09-09,263.0,268.595,NORMAL,ðŸŸ¢ Staff standard. Pas d'action.
2025-09-10,259.0,270.0223,NORMAL,ðŸŸ¢ Staff standard. Pas d'action.
2025-09-11,284.0,267.77658,NORMAL,ðŸŸ¢ Staff standard. Pas d'action.
2025-09-12,254.0,271.11615,NORMAL,ðŸŸ¢ Staff standard. Pas d'action.
2025-09-13,221.0,271.0249,NORMAL,ðŸŸ¢ Staff standard. Pas d'action.
2025-09-14,209.0,222.5672,NORMAL,ðŸŸ¢ Staff standard. Pas d'action.
2025-09-15,281.0,307.10562,NORMAL,ðŸŸ¢ Staff standard. Pas d'action.
2025-09-16,246.0,268.72458,NORMAL,ðŸŸ¢ Staff standard. Pas d'action.
2025-09-17,259.0,266.78033,NORMAL,ðŸŸ¢ Staff standard. Pas d'action.
2025-09-18,261.0,265.41138,NORMAL,ðŸŸ¢ Staff standard. Pas d'action.
2025-09-19,248.0,268.87463,NORMAL,ðŸŸ¢ Staff standard. Pas d'action.
2025-09-20,256.0,269.71948,NORMAL,ðŸŸ¢ Staff standard. Pas d'action.
2025-09-21,217.0,225.25331,NORMAL,ðŸŸ¢ Staff standard. Pas d'action.
2025-09-22,301.0,310.23447,NORMAL,ðŸŸ¢ Staff standard. Pas d'action.
2025-09-23,278.0,267.85068,NORMAL,ðŸŸ¢ Staff standard. Pas d'action.
2025-09-24,249.0,266.12155,NORMAL,ðŸŸ¢ Staff standard. Pas d'action.
2025-09-25,273.0,270.11832,NORMAL,ðŸŸ¢ Staff standard. Pas d'action.
2025-09-26,280.0,266.5298,NORMAL,ðŸŸ¢ Staff standard. Pas d'action.
2025-09-27,269.0,265.71353,NORMAL,ðŸŸ¢ Staff standard. Pas d'action.
2025-09-28,230.0,225.8482,NORMAL,ðŸŸ¢ Staff standard. Pas d'action.
2025-09-29,290.0,306.832,NORMAL,ðŸŸ¢ Staff standard. Pas d'action.
2025-09-30,251.0,267.9592,NORMAL,ðŸŸ¢ Staff standard. Pas d'action.
2025-10-01,237.0,264.58194,NORMAL,ðŸŸ¢ Staff standard. Pas d'action.
2025-10-02,274.0,270.9355,NORMAL,ðŸŸ¢ Staff standard. Pas d'action.
2025-10-03,266.0,267.79468,NORMAL,ðŸŸ¢ Staff standard. Pas d'action.
2025-10-04,242.0,270.98602,NORMAL,ðŸŸ¢ Staff standard. Pas d'action.
2025-10-05,277.0,226.10269,NORMAL,ðŸŸ¢ Staff standard. Pas d'action.
2025-10-06,298.0,301.69827,NORMAL,ðŸŸ¢ Staff standard. Pas d'action.
2025-10-07,287.0,267.36807,NORMAL,ðŸŸ¢ Staff standard. Pas d'action.
2025-10-08,246.0,261.55264,NORMAL,ðŸŸ¢ Staff standard. Pas d'action.
2025-10-09,274.0,269.5066,NORMAL,ðŸŸ¢ Staff standard. Pas d'action.
2025-10-10,236.0,269.4032,NORMAL,ðŸŸ¢ Staff standard. Pas d'action.
2025-10-11,262.0,271.74274,NORMAL,ðŸŸ¢ Staff standard. Pas d'action.
2025-10-12,252.0,226.31506,NORMAL,ðŸŸ¢ Staff standard. Pas d'action.
2025-10-13,316.0,302.08273,NORMAL,ðŸŸ¢ Staff standard. Pas d'action.
2025-10-14,243.0,266.7773,NORMAL,ðŸŸ¢ Staff standard. Pas d'action.
2025-10-15,265.0,270.79065,NORMAL,ðŸŸ¢ Staff standard. Pas d'action.
2025-10-16,288.0,267.89954,NORMAL,ðŸŸ¢ Staff standard. Pas d'action.
2025-10-17,269.0,266.0769,NORMAL,ðŸŸ¢ Staff standard. Pas d'action.
2025-10-18,246.0,272.5898,NORMAL,ðŸŸ¢ Staff standard. Pas d'action.
2025-10-19,229.0,222.28981,NORMAL,ðŸŸ¢ Staff standard. Pas d'action.
2025-10-20,314.0,310.9142,NORMAL,ðŸŸ¢ Staff standard. Pas d'action.
2025-10-21,245.0,268.11063,NORMAL,ðŸŸ¢ Staff standard. Pas d'action.
2025-10-22,274.0,267.71207,NORMAL,ðŸŸ¢ Staff standard. Pas d'action.
2025-10-23,256.0,262.9165,NORMAL,ðŸŸ¢ Staff standard. Pas d'action.
2025-10-24,260.0,266.57797,NORMAL,ðŸŸ¢ Staff standard. Pas d'action.
2025-10-25,251.0,266.203,NORMAL,ðŸŸ¢ Staff standard. Pas d'action.
2025-10-26,223.0,225.47957,NORMAL,ðŸŸ¢ Staff standard. Pas d'action.
2025-10-27,333.0,304.51205,NORMAL,ðŸŸ¢ Staff standard. Pas d'action.
2025-10-28,268.0,263.7761,NORMAL,ðŸŸ¢ Staff standard. Pas d'action.
2025-10-29,263.0,270.4091,NORMAL,ðŸŸ¢ Staff standard. Pas d'action.
2025-10-30,236.0,268.55466,NORMAL,ðŸŸ¢ Staff standard. Pas d'action.
2025-10-31,263.0,273.4282,NORMAL,ðŸŸ¢ Staff standard. Pas d'action.
2025-11-01,270.0,268.05618,NORMAL,ðŸŸ¢ Staff standard. Pas d'action.
2025-11-02,203.0,225.36217,NORMAL,ðŸŸ¢ Staff standard. Pas d'action.
2025-11-03,314.0,300.48395,NORMAL,ðŸŸ¢ Staff standard. Pas d'action.
2025-11-04,261.0,268.77716,NORMAL,ðŸŸ¢ Staff standard. Pas d'action.
2025-11-05,265.0,267.57947,NORMAL,ðŸŸ¢ Staff standard. Pas d'action.
2025-11-06,257.0,267.78198,NORMAL,ðŸŸ¢ Staff standard. Pas d'action.
2025-11-07,247.0,267.96936,NORMAL,ðŸŸ¢ Staff standard. Pas d'action.
2025-11-08,254.0,265.8078,NORMAL,ðŸŸ¢ Staff standard. Pas d'action.
2025-11-09,235.0,228.92499,NORMAL,ðŸŸ¢ Staff standard. Pas d'action.
2025-11-10,320.0,306.34744,NORMAL,ðŸŸ¢ Staff standard. Pas d'action.
2025-11-11,291.0,278.56708,NORMAL,ðŸŸ¢ Staff standard. Pas d'action.
2025-11-12,244.0,266.69565,NORMAL,ðŸŸ¢ Staff standard. Pas d'action.
2025-11-13,268.0,268.7984,NORMAL,ðŸŸ¢ Staff standard. Pas d'action.
2025-11-14,284.0,268.87817,NORMAL,ðŸŸ¢ Staff standard. Pas d'action.
2025-11-15,269.0,267.4186,NORMAL,ðŸŸ¢ Staff standard. Pas d'action.
2025-11-16,217.0,224.15257,NORMAL,ðŸŸ¢ Staff standard. Pas d'action.
2025-11-17,275.0,303.6712,NORMAL,ðŸŸ¢ Staff standard. Pas d'action.
2025-11-18,282.0,266.79044,NORMAL,ðŸŸ¢ Staff standard. Pas d'action.
2025-11-19,266.0,266.90488,NORMAL,ðŸŸ¢ Staff standard. Pas d'action.
2025-11-20,263.0,269.07587,NORMAL,ðŸŸ¢ Staff standard. Pas d'action.
2025-11-21,255.0,267.87067,NORMAL,ðŸŸ¢ Staff standard. Pas d'action.
2025-11-22,262.0,266.41287,NORMAL,ðŸŸ¢ Staff standard. Pas d'action.
2025-11-23,210.0,224.24266,NORMAL,ðŸŸ¢ Staff standard. Pas d'action.
2025-11-24,343.0,305.74225,NORMAL,ðŸŸ¢ Staff standard. Pas d'action.
2025-11-25,260.0,270.62964,NORMAL,ðŸŸ¢ Staff standard. Pas d'action.
2025-11-26,271.0,267.79092,NORMAL,ðŸŸ¢ Staff standard. Pas d'action.
2025-11-27,251.0,267.82,NORMAL,ðŸŸ¢ Staff standard. Pas d'action.
2025-11-28,224.0,265.96057,NORMAL,ðŸŸ¢ Staff standard. Pas d'action.
2025-11-29,251.0,269.51102,NORMAL,ðŸŸ¢ Staff standard. Pas d'action.
2025-11-30,210.0,227.5613,NORMAL,ðŸŸ¢ Staff standard. Pas d'action.
2025-12-01,388.0,356.7557,ALERTE,ðŸ”´ Rappel de personnel (IntÃ©rim). DÃ©programmer blocs non-urgents.
2025-12-02,373.0,346.33774,PRE-ALERTE,ðŸŸ¡ Mettre l'astreinte en prÃ©-alerte. VÃ©rifier lits d'aval.
2025-12-03,328.0,346.9777,PRE-ALERTE,ðŸŸ¡ Mettre l'astreinte en prÃ©-alerte. VÃ©rifier lits d'aval.
2025-12-04,338.0,343.75726,PRE-ALERTE,ðŸŸ¡ Mettre l'astreinte en prÃ©-alerte. VÃ©rifier lits d'aval.
2025-12-05,344.0,349.4646,PRE-ALERTE,ðŸŸ¡ Mettre l'astreinte en prÃ©-alerte. VÃ©rifier lits d'aval.
2025-12-06,339.0,348.82245,PRE-ALERTE,ðŸŸ¡ Mettre l'astreinte en prÃ©-alerte. VÃ©rifier lits d'aval.
2025-12-07,336.0,298.5196,NORMAL,ðŸŸ¢ Staff standard. Pas d'action.
2025-12-08,382.0,398.64462,CRITIQUE,âš« Activation Plan Blanc. Cellule de crise. Transferts inter-hÃ´pitaux.
2025-12-09,365.0,347.8162,PRE-ALERTE,ðŸŸ¡ Mettre l'astreinte en prÃ©-alerte. VÃ©rifier lits d'aval.
2025-12-10,356.0,345.55255,PRE-ALERTE,ðŸŸ¡ Mettre l'astreinte en prÃ©-alerte. VÃ©rifier lits d'aval.
2025-12-11,336.0,350.05038,PRE-ALERTE,ðŸŸ¡ Mettre l'astreinte en prÃ©-alerte. VÃ©rifier lits d'aval.
2025-12-12,385.0,346.04785,PRE-ALERTE,ðŸŸ¡ Mettre l'astreinte en prÃ©-alerte. VÃ©rifier lits d'aval.
2025-12-13,327.0,336.71475,PRE-ALERTE,ðŸŸ¡ Mettre l'astreinte en prÃ©-alerte. VÃ©rifier lits d'aval.
2025-12-14,317.0,287.91876,NORMAL,ðŸŸ¢ Staff standard. Pas d'action.
2025-12-15,411.0,393.3849,CRITIQUE,âš« Activation Plan Blanc. Cellule de crise. Transferts inter-hÃ´pitaux.
2025-12-16,358.0,347.8327,PRE-ALERTE,ðŸŸ¡ Mettre l'astreinte en prÃ©-alerte. VÃ©rifier lits d'aval.
2025-12-17,372.0,350.7475,PRE-ALERTE,ðŸŸ¡ Mettre l'astreinte en prÃ©-alerte. VÃ©rifier lits d'aval.
2025-12-18,335.0,346.22696,PRE-ALERTE,ðŸŸ¡ Mettre l'astreinte en prÃ©-alerte. VÃ©rifier lits d'aval.
2025-12-19,351.0,340.4497,PRE-ALERTE,ðŸŸ¡ Mettre l'astreinte en prÃ©-alerte. VÃ©rifier lits d'aval.
2025-12-20,341.0,348.711,PRE-ALERTE,ðŸŸ¡ Mettre l'astreinte en prÃ©-alerte. VÃ©rifier lits d'aval.
2025-12-21,259.0,298.17227,NORMAL,ðŸŸ¢ Staff standard. Pas d'action.
2025-12-22,395.0,365.41418,ALERTE,ðŸ”´ Rappel de personnel (IntÃ©rim). DÃ©programmer blocs non-urgents.
2025-12-23,345.0,349.80637,PRE-ALERTE,ðŸŸ¡ Mettre l'astreinte en prÃ©-alerte. VÃ©rifier lits d'aval.
2025-12-24,349.0,348.20328,PRE-ALERTE,ðŸŸ¡ Mettre l'astreinte en prÃ©-alerte. VÃ©rifier lits d'aval.
2025-12-25,335.0,351.41656,PRE-ALERTE,ðŸŸ¡ Mettre l'astreinte en prÃ©-alerte. VÃ©rifier lits d'aval.
2025-12-26,335.0,333.87012,PRE-ALERTE,ðŸŸ¡ Mettre l'astreinte en prÃ©-alerte. VÃ©rifier lits d'aval.
2025-12-27,365.0,346.38925,PRE-ALERTE,ðŸŸ¡ Mettre l'astreinte en prÃ©-alerte. VÃ©rifier lits d'aval.
2025-12-28,280.0,300.30936,NORMAL,ðŸŸ¢ Staff standard. Pas d'action.
2025-12-29,395.0,396.84848,CRITIQUE,âš« Activation Plan Blanc. Cellule de crise. Transferts inter-hÃ´pitaux.
2025-12-30,350.0,341.32373,PRE-ALERTE,ðŸŸ¡ Mettre l'astreinte en prÃ©-alerte. VÃ©rifier lits d'aval.
2025-12-31,343.0,346.4048,PRE-ALERTE,ðŸŸ¡ Mettre l'astreinte en prÃ©-alerte. VÃ©rifier lits d'aval.
2026-01-01,,343.6478,PRE-ALERTE,
2026-01-02,,343.2279,PRE-ALERTE,
2026-01-03,,343.2279,PRE-ALERTE,
2026-01-04,,294.06207,NORMAL,
2026-01-05,,391.38538,CRITIQUE,
2026-01-06,,345.08188,PRE-ALERTE,
2026-01-07,,344.89377,PRE-ALERTE,
2026-01-08,,343.6478,PRE-ALERTE,
2026-01-09,,343.2279,PRE-ALERTE,
2026-01-10,,343.2279,PRE-ALERTE,
2026-01-11,,294.06207,NORMAL,
2026-01-12,,391.38538,CRITIQUE,
2026-01-13,,345.08188,PRE-ALERTE,
2026-01-14,,344.89377,PRE-ALERTE,
2026-01-15,,343.6478,PRE-ALERTE,
2026-01-16,,343.2279,PRE-ALERTE,
2026-01-17,,343.2279,PRE-ALERTE,
2026-01-18,,294.06207,NORMAL,
2026-01-19,,391.38538,CRITIQUE,
2026-01-20,,345.08188,PRE-ALERTE,
2026-01-21,,344.89377,PRE-ALERTE,
2026-01-22,,343.6478,PRE-ALERTE,
2026-01-23,,343.2279,PRE-ALERTE,
2026-01-24,,343.2279,PRE-ALERTE,
2026-01-25,,294.06207,NORMAL,
2026-01-26,,391.38538,CRITIQUE,
2026-01-27,,345.08188,PRE-ALERTE,
2026-01-28,,344.89377,PRE-ALERTE,
2026-01-29,,343.6478,PRE-ALERTE,
2026-01-30,,343.2279,PRE-ALERTE,
2026-01-31,,343.2279,PRE-ALERTE,
2026-02-01,,294.06207,NORMAL,
2026-02-02,,391.38538,CRITIQUE,
2026-02-03,,344.70715,PRE-ALERTE,
2026-02-04,,344.89377,PRE-ALERTE,
2026-02-05,,343.6478,PRE-ALERTE,
2026-02-06,,343.2279,PRE-ALERTE,
2026-02-07,,343.2279,PRE-ALERTE,
2026-02-08,,294.06207,NORMAL,
2026-02-09,,391.38538,CRITIQUE,
2026-02-10,,344.70715,PRE-ALERTE,
2026-02-11,,344.89377,PRE-ALERTE,
2026-02-12,,343.6478,PRE-ALERTE,
2026-02-13,,343.2279,PRE-ALERTE,
2026-02-14,,343.2279,PRE-ALERTE,
2026-02-15,,294.06207,NORMAL,
2026-02-16,,391.38538,CRITIQUE,
2026-02-17,,344.70715,PRE-ALERTE,
2026-02-18,,344.89377,PRE-ALERTE,
2026-02-19,,343.6478,PRE-ALERTE,
2026-02-20,,343.2279,PRE-ALERTE,
2026-02-21,,343.2279,PRE-ALERTE,
2026-02-22,,294.06207,NORMAL,
2026-02-23,,391.38538,CRITIQUE,
2026-02-24,,344.70715,PRE-ALERTE,
2026-02-25,,344.89377,PRE-ALERTE,
2026-02-26,,343.6478,PRE-ALERTE,
2026-02-27,,343.2279,PRE-ALERTE,
2026-02-28,,343.2279,PRE-ALERTE,
